{"i": [0.11891, 0.15255, -0.082073, -0.74144, 0.75917, -0.48328, -0.31009, 0.51476, -0.98708, 0.00061757, -0.15043, 0.8377, -1.0797, -0.5146, 1.3188, 0.62007, 0.13779, 0.47108, -0.072874, -0.72675, -0.74116, 0.75263, 0.8818, 0.29561, 1.3548, -2.5701, -1.3523, 0.4588, 1.0068, -1.1856, 3.4737, 0.77898, -0.72929, 0.25102, -0.26156, -0.34684, 0.55841, 0.75098, 0.4983, -0.26823, -0.0027443, -0.018298, -0.28096, 0.55318, 0.037706, 0.18555, -0.15025, -0.57512, -0.26671, 0.92121], "love": [-0.13886, 1.1401, -0.85212, -0.29212, 0.75534, 0.82762, -0.3181, 0.0072204, -0.34762, 1.0731, -0.24665, 0.97765, -0.55835, -0.090318, 0.83182, -0.33317, 0.22648, 0.30913, 0.026929, -0.086739, -0.14703, 1.3543, 0.53695, 0.43735, 1.2749, -1.4382, -1.2815, -0.15196, 1.0506, -0.93644, 2.7561, 0.58967, -0.29473, 0.27574, -0.32928, -0.201, -0.28547, -0.45987, -0.14603, -0.69372, 0.070761, -0.19326, -0.1855, -0.16095, 0.24268, 0.20784, 0.030924, -1.3711, -0.28606, 0.2898], "this": [0.53074, 0.40117, -0.40785, 0.15444, 0.47782, 0.20754, -0.26951, -0.34023, -0.10879, 0.10563, -0.10289, 0.10849, -0.49681, -0.25128, 0.84025, 0.38949, 0.32284, -0.22797, -0.44342, -0.31649, -0.12406, -0.2817, 0.19467, 0.055513, 0.56705, -1.7419, -0.91145, 0.27036, 0.41927, 0.020279, 4.0405, -0.24943, -0.20416, -0.62762, -0.054783, -0.26883, 0.18444, 0.18204, -0.23536, -0.16155, -0.27655, 0.035506, -0.38211, -0.00075134, -0.24822, 0.28164, 0.12819, 0.28762, 0.1444, 0.23611], "movie": [0.30824, 0.17223, -0.23339, 0.023105, 0.28522, 0.23076, -0.41048, -1.0035, -0.2072, 1.4327, -0.80684, 0.68954, -0.43648, 1.1069, 1.6107, -0.31966, 0.47744, 0.79395, -0.84374, 0.064509, 0.90251, 0.78609, 0.29699, 0.76057, 0.433, -1.5032, -1.6423, 0.30256, 0.30771, -0.87057, 2.4782, -0.025852, 0.5013, -0.38593, -0.15633, 0.45522, 0.04901, -0.42599, -0.86402, -1.3076, -0.29576, 1.209, -0.3127, -0.72462, -0.80801, 0.082667, 0.26738, -0.98177, -0.32147, 0.99823], "is": [0.6185, 0.64254, -0.46552, 0.3757, 0.74838, 0.53739, 0.0022239, -0.60577, 0.26408, 0.11703, 0.43722, 0.20092, -0.057859, -0.34589, 0.21664, 0.58573, 0.53919, 0.6949, -0.15618, 0.05583, -0.60515, -0.28997, -0.025594, 0.55593, 0.25356, -1.9612, -0.51381, 0.69096, 0.066246, -0.054224, 3.7871, -0.77403, -0.12689, -0.51465, 0.066705, -0.32933, 0.13483, 0.19049, 0.13812, -0.21503, -0.016573, 0.312, -0.33189, -0.026001, -0.38203, 0.19403, -0.12466, -0.27557, 0.30899, 0.48497], "bad": [-0.17981, -0.40407, -0.1653, -0.60687, -0.39656, 0.12688, -0.053049, 0.38024, -0.51008, 0.46593, -0.30818, 0.79362, -0.85766, -0.25143, 1.0448, 0.18628, 0.13688, 0.092588, -0.2236, -0.13604, -0.19482, 0.057702, 0.56133, 0.24823, 0.627, -1.8437, -1.2573, 0.64482, 1.2787, -0.29522, 3.0493, 0.62079, 0.90369, -0.030099, -0.13091, 0.30525, -0.070138, -0.12912, 0.72277, -0.79774, -0.70277, 0.038009, 0.27192, 0.35679, 0.26493, 0.13037, -0.01369, 0.33713, 0.99956, 0.72031]}
